booking_id,created_at_utc,phone,clinic,utm_source,utm_medium,status
bk-000529,2026-07-28 21:38:01,7-996-188-48-26,Северная,2gis,referral,new
bk-000008,2026-07-28 23:29:53,8(985)4139005,Северная,yandex,cpc,cancelled
bk-000674,2026-07-29 00:12:48,9019226753,Приморская,google,organic,confirmed
bk-000064,2026-07-29 00:12:54,8(919)6584618,Приморская,yandex_maps,organic,confirmed
bk-000033,2026-07-29 00:24:35,8 932 752 34 79,Центральная,2gis,referral,confirmed
bk-000502,2026-07-29 00:45:23,8 985 162 26 26,Приморская,google,organic,confirmed
bk-000613,2026-07-29 05:12:28,8(930)5954004,Северная,yandex,cpc,confirmed
bk-000132,2026-07-29 05:16:09,7-993-988-46-45,Приморская,yandex_maps,organic,new
bk-000346,2026-07-29 08:04:58,8 904 223 75 76,Центральная,2gis,referral,confirmed
bk-000535,2026-07-29 11:58:48,7-946-926-62-45,Центральная,google,organic,new
bk-000333,2026-07-29 14:26:05,+79865002820,Северная,yandex,cpc,cancelled
bk-000708,2026-07-29 15:03:22,9256452291,Центральная,yandex,cpc,new
bk-000167,2026-07-29 17:24:05,9827157243,Приморская,(direct),(none),confirmed
bk-000229,2026-07-29 18:20:34,8(964)1041293,Северная,(direct),(none),confirmed
bk-000530,2026-07-29 18:33:33,+7 (909) 696-14-79,Центральная,yandex,cpc,new
bk-000313,2026-07-29 19:20:45,8(930)5583387,Приморская,yandex,cpc,new
bk-000677,2026-07-30 01:18:27,8 975 919 26 28,Приморская,yandex,cpc,new
bk-000443,2026-07-30 03:25:20,9176387282,Северная,vk,cpc,cancelled
bk-000439,2026-07-30 04:44:58,7-931-941-98-50,Северная,(direct),(none),confirmed
bk-000356,2026-07-30 05:34:02,8 903 620 71 57,Северная,yandex,cpc,new
bk-000688,2026-07-30 07:02:24,9145706370,Приморская,google,organic,confirmed
bk-000404,2026-07-30 08:18:03,8(911)4003779,Центральная,google,organic,new
bk-000176,2026-07-30 08:23:15,8 996 821 94 65,Северная,2gis,referral,confirmed
bk-000485,2026-07-30 11:02:14,89452784445,Приморская,google,organic,confirmed
bk-000348,2026-07-30 11:05:53,+79099792898,Приморская,vk,cpc,confirmed
bk-000630,2026-07-30 13:41:09,8(909)9139138,Северная,yandex_maps,organic,new
bk-000432,2026-07-30 15:36:04,89694342798,Приморская,(direct),(none),cancelled
bk-000314,2026-07-30 17:05:28,+79023190828,Северная,yandex,cpc,confirmed
bk-000193,2026-07-30 17:52:52,7-957-847-56-56,Центральная,yandex_maps,organic,confirmed
bk-000051,2026-07-30 17:55:00,+79023034594,Центральная,yandex,cpc,cancelled
bk-000735,2026-07-30 18:54:49,89184785641,Северная,2gis,referral,new
bk-000742,2026-07-30 19:00:46,8(987)2613739,Приморская,(direct),(none),confirmed
bk-000410,2026-07-30 19:29:04,+7 (944) 385-39-96,Северная,yandex,cpc,confirmed
bk-000298,2026-07-30 19:32:48,8 930 218 04 07,Центральная,google,organic,cancelled
bk-000587,2026-07-31 03:17:13,9171080711,Приморская,2gis,referral,confirmed
bk-000248,2026-07-31 06:34:10,8 944 395 07 05,Приморская,(direct),(none),confirmed
bk-000084,2026-07-31 06:34:24,89262366362,Центральная,vk,cpc,confirmed
bk-000038,2026-07-31 07:08:05,89319281054,Северная,google,organic,confirmed
bk-000288,2026-07-31 08:20:54,7-923-951-32-87,Приморская,yandex,cpc,cancelled
bk-000448,2026-07-31 13:27:21,8 998 441 38 30,Центральная,google,organic,cancelled
bk-000215,2026-07-31 15:43:33,+7 (978) 453-79-27,Северная,vk,cpc,new
bk-000592,2026-07-31 15:49:35,8 927 793 15 45,Центральная,(direct),(none),confirmed
bk-000143,2026-07-31 15:59:59,89820293912,Центральная,yandex,cpc,new
bk-000085,2026-07-31 16:02:50,8 946 632 61 89,Центральная,google,organic,cancelled
bk-000328,2026-07-31 16:11:54,+7 (933) 989-49-37,Северная,2gis,referral,new
bk-000128,2026-07-31 16:58:30,+7 (966) 994-15-00,Приморская,vk,cpc,confirmed
bk-000250,2026-07-31 17:41:53,89607432561,Приморская,vk,cpc,confirmed
bk-000345,2026-07-31 17:53:50,8 920 050 99 59,Приморская,yandex_maps,organic,cancelled
bk-000245,2026-07-31 18:24:10,8(904)0976368,Северная,google,organic,confirmed
bk-000465,2026-07-31 18:33:20,+7 (923) 224-93-25,Северная,google,organic,confirmed
bk-000476,2026-07-31 19:52:29,8(917)2612881,Северная,(direct),(none),confirmed
bk-000310,2026-07-31 21:56:29,7-985-822-43-41,Центральная,2gis,referral,new
bk-000289,2026-08-01 00:20:39,9402382949,Центральная,google,organic,confirmed
bk-000480,2026-08-01 02:13:50,8(924)6594554,Приморская,google,organic,confirmed
bk-000335,2026-08-01 06:13:56,7-922-350-34-37,Северная,google,organic,new
bk-000326,2026-08-01 06:29:00,+7 (972) 757-82-12,Северная,google,organic,new
bk-000347,2026-08-01 06:29:04,89245891711,Приморская,yandex,cpc,confirmed
bk-000686,2026-08-01 06:56:44,+79155353477,Центральная,2gis,referral,new
bk-000707,2026-08-01 06:56:51,9580898996,Приморская,2gis,referral,confirmed
bk-000418,2026-08-01 11:05:16,9120010471,Приморская,google,organic,new
bk-000054,2026-08-01 11:07:14,9091937463,Северная,yandex,cpc,new
bk-000693,2026-08-01 12:10:13,+7 (967) 567-31-03,Приморская,(direct),(none),new
bk-000113,2026-08-01 12:38:18,+7 (974) 980-28-92,Приморская,google,organic,new
bk-000174,2026-08-01 13:04:52,9398735918,Центральная,yandex,cpc,cancelled
bk-000604,2026-08-01 16:49:14,9803030915,Центральная,yandex,cpc,confirmed
bk-000337,2026-08-01 17:08:46,+79065417476,Приморская,2gis,referral,new
bk-000635,2026-08-01 17:14:01,8(950)9547939,Северная,google,organic,new
bk-000484,2026-08-01 17:20:05,8(909)5645652,Центральная,google,organic,confirmed
bk-000538,2026-08-01 19:34:54,7-948-494-30-90,Приморская,google,organic,confirmed
bk-000471,2026-08-02 06:24:45,8(956)6078337,Северная,(direct),(none),confirmed
bk-000192,2026-08-02 07:14:37,8(990)5550731,Приморская,google,organic,cancelled
bk-000152,2026-08-02 07:27:16,7-977-437-92-30,Центральная,vk,cpc,confirmed
bk-000714,2026-08-02 07:40:08,9597346017,Северная,google,organic,cancelled
bk-000145,2026-08-02 09:29:18,89558516677,Северная,(direct),(none),confirmed
bk-000403,2026-08-02 09:32:05,89365615715,Центральная,2gis,referral,confirmed
bk-000259,2026-08-02 11:03:46,7-951-517-57-42,Приморская,(direct),(none),confirmed
bk-000504,2026-08-02 11:37:15,8(923)7627522,Центральная,google,organic,new
bk-000244,2026-08-02 15:15:17,8(969)6048270,Приморская,vk,cpc,confirmed
bk-000435,2026-08-02 15:33:08,+7 (935) 973-11-23,Центральная,2gis,referral,cancelled
bk-000498,2026-08-02 16:02:56,9875658729,Приморская,(direct),(none),cancelled
bk-000731,2026-08-02 16:39:50,8 950 012 59 52,Центральная,(direct),(none),confirmed
bk-000186,2026-08-02 16:44:15,8 912 695 50 99,Приморская,google,organic,cancelled
bk-000715,2026-08-02 17:11:02,8(912)3323421,Центральная,yandex,cpc,cancelled
bk-000227,2026-08-02 18:02:52,8 988 894 64 43,Северная,google,organic,cancelled
bk-000710,2026-08-02 18:30:43,+79349817519,Северная,google,organic,new
bk-000218,2026-08-02 18:50:38,8(921)2226654,Приморская,2gis,referral,confirmed
bk-000214,2026-08-02 19:47:58,7-916-228-55-85,Центральная,(direct),(none),cancelled
bk-000160,2026-08-02 20:11:05,9629771107,Центральная,vk,cpc,cancelled
bk-000007,2026-08-02 22:17:58,8(956)6207678,Северная,yandex,cpc,confirmed
bk-000009,2026-08-02 22:33:14,+7 (919) 585-89-32,Приморская,google,organic,confirmed
bk-000680,2026-08-03 02:30:10,+7 (946) 050-47-75,Северная,yandex,cpc,cancelled
bk-000308,2026-08-03 03:12:36,9610354862,Центральная,yandex,cpc,confirmed
bk-000482,2026-08-03 04:05:33,89692414336,Центральная,google,organic,new
bk-000036,2026-08-03 04:55:30,8 905 054 43 65,Северная,2gis,referral,cancelled
bk-000032,2026-08-03 06:19:05,8 980 254 12 07,Северная,yandex_maps,organic,confirmed
bk-000134,2026-08-03 06:59:20,+7 (997) 144-03-19,Приморская,yandex,cpc,cancelled
bk-000208,2026-08-03 08:00:30,+79037810717,Северная,(direct),(none),confirmed
bk-000472,2026-08-03 08:10:20,+79789628760,Северная,yandex_maps,organic,new
bk-000334,2026-08-03 08:31:02,8(970)2996373,Центральная,google,organic,confirmed
bk-000281,2026-08-03 09:09:30,89401970654,Центральная,yandex,cpc,new
bk-000293,2026-08-03 10:44:35,9336267855,Приморская,yandex_maps,organic,cancelled
bk-000380,2026-08-03 11:05:28,89928735469,Центральная,(direct),(none),confirmed
bk-000676,2026-08-03 11:10:27,9671588028,Центральная,(direct),(none),cancelled
bk-000651,2026-08-03 11:53:22,8(959)5633879,Центральная,yandex_maps,organic,new
bk-000199,2026-08-03 12:38:42,8(913)6781254,Центральная,yandex,cpc,confirmed
bk-000548,2026-08-03 13:31:58,7-900-992-53-03,Северная,google,organic,confirmed
bk-000047,2026-08-03 13:54:29,89078221222,Северная,2gis,referral,confirmed
bk-000322,2026-08-03 14:24:57,7-920-176-88-24,Северная,(direct),(none),confirmed
bk-000383,2026-08-03 15:05:48,+7 (983) 151-42-72,Приморская,google,organic,confirmed
bk-000116,2026-08-03 16:53:59,7-914-920-63-83,Центральная,yandex_maps,organic,new
bk-000013,2026-08-03 17:09:43,8(953)0449293,Северная,vk,cpc,confirmed
bk-000066,2026-08-03 17:55:19,+79276349666,Приморская,(direct),(none),new
bk-000593,2026-08-03 19:29:18,7-933-333-58-10,Северная,yandex,cpc,cancelled
bk-000269,2026-08-03 20:32:25,9947823817,Центральная,vk,cpc,cancelled
bk-000729,2026-08-03 20:38:13,7-914-119-47-53,Центральная,yandex,cpc,confirmed
bk-000619,2026-08-04 01:44:36,9376126462,Приморская,vk,cpc,cancelled
bk-000018,2026-08-04 05:10:36,7-984-292-06-68,Центральная,(direct),(none),new
bk-000127,2026-08-04 08:18:26,8 987 945 92 14,Центральная,(direct),(none),confirmed
bk-000653,2026-08-04 08:30:50,7-915-017-58-47,Центральная,yandex,cpc,confirmed
bk-000744,2026-08-04 10:44:49,+79263749690,Центральная,2gis,referral,confirmed
bk-000481,2026-08-04 11:34:45,89005341090,Центральная,(direct),(none),cancelled
bk-000497,2026-08-04 11:38:07,9782844538,Центральная,vk,cpc,cancelled
bk-000087,2026-08-04 14:19:30,8 946 626 65 17,Северная,vk,cpc,confirmed
bk-000400,2026-08-04 15:04:44,9625809187,Центральная,vk,cpc,new
bk-000074,2026-08-04 15:15:12,+7 (906) 649-78-73,Северная,google,organic,cancelled
bk-000451,2026-08-04 15:41:26,8(953)6223329,Центральная,vk,cpc,cancelled
bk-000082,2026-08-04 16:02:34,89454130910,Центральная,yandex_maps,organic,confirmed
bk-000522,2026-08-04 19:05:47,8 972 556 57 32,Центральная,yandex_maps,organic,confirmed
bk-000685,2026-08-04 19:47:22,7-998-823-17-88,Приморская,vk,cpc,confirmed
bk-000075,2026-08-04 19:48:34,89636484950,Приморская,yandex,cpc,confirmed
bk-000598,2026-08-04 23:08:40,8 972 116 83 59,Приморская,yandex_maps,organic,new
bk-000515,2026-08-04 23:13:56,8 945 270 95 99,Северная,google,organic,confirmed
bk-000157,2026-08-04 23:19:06,89663231532,Северная,vk,cpc,confirmed
bk-000286,2026-08-04 23:57:48,8 993 835 26 51,Центральная,yandex_maps,organic,new
bk-000159,2026-08-05 01:59:24,8 911 666 29 20,Северная,yandex,cpc,confirmed
bk-000390,2026-08-05 02:23:01,8 903 630 35 84,Центральная,yandex_maps,organic,confirmed
bk-000203,2026-08-05 02:33:19,+7 (974) 826-35-99,Центральная,vk,cpc,new
bk-000263,2026-08-05 02:36:08,89966932040,Северная,yandex_maps,organic,confirmed
bk-000579,2026-08-05 03:02:13,+7 (963) 783-77-43,Северная,vk,cpc,confirmed
bk-000634,2026-08-05 07:21:55,8(995)9181199,Приморская,google,organic,new
bk-000586,2026-08-05 09:11:25,+79015707497,Центральная,(direct),(none),cancelled
bk-000384,2026-08-05 10:27:11,7-960-310-44-13,Приморская,(direct),(none),new
bk-000099,2026-08-05 10:36:49,+7 (928) 870-90-80,Приморская,google,organic,cancelled
bk-000003,2026-08-05 13:29:30,89703127381,Центральная,2gis,referral,confirmed
bk-000255,2026-08-05 13:31:05,9324646047,Приморская,yandex_maps,organic,new
bk-000272,2026-08-05 13:36:58,7-905-671-11-81,Приморская,google,organic,confirmed
bk-000478,2026-08-05 13:41:40,7-990-603-23-74,Приморская,vk,cpc,new
bk-000547,2026-08-05 14:14:35,+79378387849,Центральная,google,organic,new
bk-000350,2026-08-05 16:53:47,9478677333,Центральная,(direct),(none),confirmed
bk-000453,2026-08-05 17:26:40,8(907)6694077,Приморская,yandex_maps,organic,confirmed
bk-000135,2026-08-05 17:36:45,8 943 262 64 50,Приморская,google,organic,new
bk-000191,2026-08-05 17:51:13,89836461532,Северная,yandex,cpc,cancelled
bk-000388,2026-08-05 19:27:25,+79311668456,Приморская,yandex_maps,organic,confirmed
bk-000725,2026-08-05 22:11:09,8 931 771 63 24,Приморская,google,organic,new
bk-000654,2026-08-05 22:24:07,89047078802,Приморская,2gis,referral,new
bk-000468,2026-08-05 22:46:18,+7 (904) 420-93-50,Центральная,2gis,referral,confirmed
bk-000022,2026-08-06 00:26:56,7-960-110-36-78,Центральная,vk,cpc,new
bk-000189,2026-08-06 07:47:47,89833720032,Приморская,yandex_maps,organic,confirmed
bk-000274,2026-08-06 08:14:41,8 965 509 01 48,Приморская,google,organic,confirmed
bk-000705,2026-08-06 09:02:43,+7 (972) 312-53-31,Приморская,yandex_maps,organic,new
bk-000528,2026-08-06 09:47:59,7-983-042-54-85,Северная,yandex,cpc,confirmed
bk-000657,2026-08-06 10:35:21,9027087187,Северная,yandex_maps,organic,cancelled
bk-000165,2026-08-06 11:56:28,7-937-366-74-21,Центральная,(direct),(none),confirmed
bk-000362,2026-08-06 15:10:03,+79497898607,Приморская,vk,cpc,confirmed
bk-000533,2026-08-06 15:31:30,89498384313,Центральная,google,organic,cancelled
bk-000217,2026-08-06 16:00:54,89868179128,Центральная,google,organic,confirmed
bk-000139,2026-08-06 16:05:34,7-959-649-78-24,Центральная,google,organic,new
bk-000701,2026-08-06 16:10:41,8(922)0112870,Приморская,yandex_maps,organic,cancelled
bk-000155,2026-08-06 17:04:32,+7 (947) 638-02-87,Северная,yandex,cpc,confirmed
bk-000371,2026-08-06 17:16:11,89347074252,Центральная,google,organic,confirmed
bk-000315,2026-08-06 17:16:40,8 992 902 38 37,Приморская,yandex,cpc,confirmed
bk-000602,2026-08-06 19:10:17,+79413206115,Центральная,2gis,referral,cancelled
bk-000016,2026-08-06 22:31:16,+79406252033,Приморская,2gis,referral,cancelled
bk-000343,2026-08-07 06:18:36,7-942-173-42-09,Северная,google,organic,confirmed
bk-000413,2026-08-07 06:48:59,8(930)1072792,Северная,vk,cpc,new
bk-000624,2026-08-07 07:54:19,8 950 493 47 70,Северная,yandex_maps,organic,confirmed
bk-000034,2026-08-07 08:26:09,8(955)1311063,Северная,yandex,cpc,confirmed
bk-000570,2026-08-07 10:44:37,7-904-789-06-45,Центральная,vk,cpc,cancelled
bk-000486,2026-08-07 11:38:44,+7 (908) 773-17-81,Центральная,yandex_maps,organic,cancelled
bk-000411,2026-08-07 13:05:11,8(973)8866360,Северная,google,organic,cancelled
bk-000050,2026-08-07 13:07:16,9818987031,Приморская,(direct),(none),new
bk-000414,2026-08-07 13:20:54,8 954 632 57 70,Приморская,vk,cpc,confirmed
bk-000558,2026-08-07 14:03:01,8 936 898 51 08,Центральная,google,organic,confirmed
bk-000273,2026-08-07 14:50:31,7-910-727-33-41,Центральная,google,organic,confirmed
bk-000629,2026-08-07 15:18:02,8(949)1931552,Северная,yandex_maps,organic,cancelled
bk-000473,2026-08-07 15:22:52,+79377113904,Центральная,(direct),(none),new
bk-000065,2026-08-07 16:02:32,89024590048,Приморская,yandex_maps,organic,new
bk-000549,2026-08-07 16:09:35,+7 (927) 520-43-36,Северная,(direct),(none),new
bk-000512,2026-08-07 16:33:26,9770773186,Приморская,(direct),(none),new
bk-000021,2026-08-07 16:57:32,+79918866066,Приморская,google,organic,new
bk-000433,2026-08-07 17:31:12,+7 (952) 302-30-35,Приморская,google,organic,new
bk-000344,2026-08-07 18:20:34,+7 (959) 439-32-65,Приморская,vk,cpc,confirmed
bk-000550,2026-08-07 18:42:58,89517234556,Центральная,yandex_maps,organic,confirmed
bk-000494,2026-08-07 19:21:52,8(934)5494311,Центральная,google,organic,confirmed
bk-000402,2026-08-07 19:34:51,7-996-627-34-49,Центральная,2gis,referral,confirmed
bk-000417,2026-08-07 19:39:17,8(996)0815089,Северная,(direct),(none),confirmed
bk-000278,2026-08-07 20:04:53,8(952)2357877,Северная,yandex,cpc,confirmed
bk-000049,2026-08-07 21:39:42,89733371638,Приморская,yandex_maps,organic,new
bk-000379,2026-08-07 21:50:17,+79339079280,Центральная,2gis,referral,new
bk-000185,2026-08-07 22:26:20,89337108596,Центральная,yandex,cpc,cancelled
bk-000690,2026-08-07 22:52:39,89621961873,Приморская,google,organic,confirmed
bk-000385,2026-08-08 00:34:30,+79969349184,Центральная,2gis,referral,confirmed
bk-000136,2026-08-08 01:04:23,89078408848,Северная,(direct),(none),confirmed
bk-000412,2026-08-08 06:17:21,89498102973,Северная,google,organic,cancelled
bk-000457,2026-08-08 08:38:48,7-979-461-97-81,Северная,yandex_maps,organic,new
bk-000059,2026-08-08 09:42:25,89891146819,Центральная,(direct),(none),confirmed
bk-000559,2026-08-08 09:47:32,7-952-918-99-91,Северная,google,organic,confirmed
bk-000104,2026-08-08 10:01:39,9675869847,Северная,(direct),(none),confirmed
bk-000046,2026-08-08 10:25:12,+79765379834,Приморская,google,organic,cancelled
bk-000095,2026-08-08 10:25:14,8 950 908 36 55,Центральная,google,organic,confirmed
bk-000608,2026-08-08 10:34:31,8 924 320 98 94,Приморская,yandex,cpc,confirmed
bk-000391,2026-08-08 11:38:41,89843164997,Центральная,google,organic,confirmed
bk-000303,2026-08-08 12:14:39,9004251804,Северная,google,organic,confirmed
bk-000351,2026-08-08 12:32:07,+7 (913) 869-47-75,Северная,google,organic,new
bk-000291,2026-08-08 13:26:28,+79427378903,Приморская,2gis,referral,confirmed
bk-000370,2026-08-08 14:04:00,8 957 434 32 28,Приморская,yandex,cpc,cancelled
bk-000253,2026-08-08 15:46:37,+7 (937) 518-23-50,Центральная,google,organic,new
bk-000306,2026-08-08 16:00:02,+79687983007,Центральная,google,organic,new
bk-000209,2026-08-08 17:18:38,89557482409,Северная,vk,cpc,new
bk-000503,2026-08-08 18:00:08,8 941 581 47 17,Центральная,yandex_maps,organic,cancelled
bk-000415,2026-08-08 18:42:29,8(950)5002055,Центральная,(direct),(none),new
bk-000363,2026-08-08 19:02:35,+7 (956) 824-95-42,Северная,yandex_maps,organic,new
bk-000078,2026-08-08 19:33:55,89798529205,Приморская,google,organic,confirmed
bk-000060,2026-08-08 22:10:56,8 991 942 60 48,Северная,yandex_maps,organic,confirmed
bk-000394,2026-08-08 23:29:16,9615469473,Приморская,2gis,referral,new
bk-000562,2026-08-09 00:24:16,+79273213221,Северная,google,organic,confirmed
bk-000320,2026-08-09 02:32:13,8(977)0695582,Центральная,google,organic,cancelled
bk-000309,2026-08-09 03:42:16,+7 (902) 297-51-31,Центральная,yandex,cpc,cancelled
bk-000073,2026-08-09 06:32:56,7-990-912-36-37,Центральная,yandex_maps,organic,confirmed
bk-000327,2026-08-09 09:25:49,+7 (920) 785-83-87,Северная,yandex,cpc,confirmed
bk-000668,2026-08-09 09:38:03,+7 (964) 078-51-87,Северная,2gis,referral,new
bk-000270,2026-08-09 10:23:57,7-942-269-63-21,Северная,vk,cpc,confirmed
bk-000700,2026-08-09 10:32:54,+79569956861,Северная,2gis,referral,confirmed
bk-000560,2026-08-09 10:41:51,+7 (959) 638-80-66,Приморская,yandex,cpc,new
bk-000144,2026-08-09 11:28:11,+79301195896,Центральная,(direct),(none),confirmed
bk-000052,2026-08-09 12:20:01,+7 (970) 288-46-00,Приморская,yandex_maps,organic,new
bk-000025,2026-08-09 13:56:45,89567895845,Приморская,2gis,referral,new
bk-000392,2026-08-09 14:40:11,9527430319,Северная,google,organic,confirmed
bk-000221,2026-08-09 16:09:49,8 952 234 06 42,Северная,(direct),(none),cancelled
bk-000198,2026-08-09 16:27:26,89320168451,Приморская,vk,cpc,confirmed
bk-000557,2026-08-09 17:34:11,89293343429,Приморская,vk,cpc,new
bk-000408,2026-08-09 17:54:57,8(940)6594384,Северная,google,organic,confirmed
bk-000017,2026-08-09 18:27:59,8(985)4306225,Северная,yandex,cpc,confirmed
bk-000239,2026-08-09 23:25:24,9019375801,Центральная,(direct),(none),new
bk-000111,2026-08-10 02:54:33,8(963)6083997,Северная,google,organic,cancelled
bk-000277,2026-08-10 03:07:50,9500288399,Северная,yandex,cpc,confirmed
bk-000055,2026-08-10 05:59:25,+79364988552,Центральная,yandex,cpc,new
bk-000645,2026-08-10 07:12:08,8 934 484 07 89,Приморская,(direct),(none),confirmed
bk-000325,2026-08-10 07:13:57,89407896416,Приморская,yandex,cpc,confirmed
bk-000462,2026-08-10 10:38:10,89981874095,Северная,yandex_maps,organic,confirmed
bk-000510,2026-08-10 11:16:20,89373112600,Северная,google,organic,new
bk-000401,2026-08-10 13:54:29,7-996-689-65-12,Центральная,yandex,cpc,confirmed
bk-000427,2026-08-10 16:54:12,89263518988,Центральная,(direct),(none),cancelled
bk-000172,2026-08-10 17:46:55,8 918 841 10 33,Приморская,yandex,cpc,confirmed
bk-000316,2026-08-10 18:13:33,9407972281,Центральная,yandex_maps,organic,confirmed
bk-000526,2026-08-10 18:30:05,+7 (955) 769-63-36,Северная,vk,cpc,confirmed
bk-000035,2026-08-10 19:16:22,89949076456,Приморская,google,organic,cancelled
bk-000028,2026-08-10 22:17:05,89821409109,Приморская,google,organic,new
bk-000428,2026-08-10 22:57:12,8(904)0805521,Приморская,yandex,cpc,cancelled
bk-000741,2026-08-10 23:57:20,9685765133,Северная,vk,cpc,new
bk-000639,2026-08-11 01:00:52,89189441342,Северная,google,organic,confirmed
bk-000477,2026-08-11 08:18:29,9932972936,Северная,yandex,cpc,confirmed
bk-000283,2026-08-11 09:39:45,+7 (909) 635-83-99,Центральная,vk,cpc,new
bk-000551,2026-08-11 09:59:30,9146923782,Северная,2gis,referral,confirmed
bk-000182,2026-08-11 11:17:47,8(971)1777467,Центральная,2gis,referral,confirmed
bk-000295,2026-08-11 11:52:03,8(953)3309536,Северная,google,organic,new
bk-000709,2026-08-11 13:16:43,8(924)3653108,Северная,yandex,cpc,confirmed
bk-000399,2026-08-11 13:26:04,+79705309491,Центральная,(direct),(none),cancelled
bk-000666,2026-08-11 13:35:37,+7 (969) 144-94-72,Северная,google,organic,confirmed
bk-000491,2026-08-11 14:02:31,9374594195,Приморская,google,organic,confirmed
bk-000649,2026-08-11 16:05:36,8(950)4943012,Северная,2gis,referral,new
bk-000305,2026-08-11 16:50:37,+7 (905) 677-46-04,Приморская,yandex_maps,organic,cancelled
bk-000724,2026-08-11 16:50:47,8 921 088 13 60,Северная,google,organic,cancelled
bk-000206,2026-08-11 16:57:02,8 995 272 97 77,Центральная,google,organic,new
bk-000233,2026-08-11 17:35:23,8 942 457 80 90,Северная,yandex_maps,organic,new
bk-000367,2026-08-11 17:46:59,+7 (968) 687-20-44,Центральная,(direct),(none),new
bk-000524,2026-08-11 17:48:41,9144789032,Центральная,vk,cpc,new
bk-000004,2026-08-11 19:09:22,+7 (990) 533-59-65,Приморская,yandex,cpc,confirmed
bk-000717,2026-08-11 21:25:33,+7 (955) 245-83-07,Приморская,google,organic,confirmed
bk-000118,2026-08-11 21:34:28,7-920-478-31-01,Центральная,yandex_maps,organic,cancelled
bk-000001,2026-08-12 00:49:53,89137321608,Северная,2gis,referral,confirmed
bk-000611,2026-08-12 04:18:24,+7 (980) 310-65-82,Приморская,2gis,referral,cancelled
bk-000716,2026-08-12 04:57:37,7-984-766-57-00,Северная,vk,cpc,confirmed
bk-000197,2026-08-12 09:52:41,8 924 973 93 21,Приморская,(direct),(none),confirmed
bk-000048,2026-08-12 10:56:56,89312532972,Центральная,yandex,cpc,confirmed
bk-000437,2026-08-12 13:43:19,8(973)1848554,Центральная,yandex_maps,organic,new
bk-000620,2026-08-12 13:52:33,7-907-038-77-83,Северная,2gis,referral,cancelled
bk-000077,2026-08-12 14:14:28,+79154727534,Северная,vk,cpc,cancelled
bk-000466,2026-08-12 15:04:22,89903592262,Северная,yandex_maps,organic,new
bk-000500,2026-08-12 15:05:35,8 928 266 00 83,Центральная,yandex,cpc,confirmed
bk-000202,2026-08-12 15:50:51,89759202763,Северная,2gis,referral,confirmed
bk-000329,2026-08-12 16:42:20,8 982 351 77 70,Приморская,yandex_maps,organic,new
bk-000249,2026-08-12 17:09:24,9080732119,Северная,google,organic,confirmed
bk-000662,2026-08-12 17:31:03,8 971 100 30 66,Центральная,yandex,cpc,confirmed
bk-000080,2026-08-12 18:05:11,8 903 274 52 64,Центральная,2gis,referral,confirmed
bk-000588,2026-08-12 19:02:04,+79176712662,Центральная,yandex_maps,organic,new
bk-000243,2026-08-12 19:04:07,7-926-898-54-30,Центральная,google,organic,new
bk-000063,2026-08-12 19:08:40,9276795683,Северная,2gis,referral,confirmed
bk-000359,2026-08-12 22:01:05,8 968 667 80 14,Центральная,yandex_maps,organic,confirmed
bk-000372,2026-08-12 23:31:53,7-950-132-68-76,Центральная,yandex_maps,organic,confirmed
bk-000424,2026-08-12 23:52:03,+7 (922) 016-30-17,Приморская,google,organic,confirmed
bk-000204,2026-08-13 02:51:19,89400957752,Центральная,google,organic,cancelled
bk-000496,2026-08-13 03:46:29,+79435280629,Приморская,yandex,cpc,confirmed
bk-000737,2026-08-13 04:03:43,89010392853,Центральная,2gis,referral,new
bk-000665,2026-08-13 05:53:36,8(967)5784558,Приморская,2gis,referral,confirmed
bk-000031,2026-08-13 06:04:23,89822478218,Приморская,(direct),(none),confirmed
bk-000467,2026-08-13 06:24:39,7-951-451-59-98,Приморская,google,organic,confirmed
bk-000083,2026-08-13 07:38:37,8(931)4214859,Приморская,google,organic,new
bk-000234,2026-08-13 07:43:28,+7 (952) 718-65-62,Центральная,vk,cpc,confirmed
bk-000578,2026-08-13 08:50:18,8 976 989 84 28,Приморская,google,organic,new
bk-000268,2026-08-13 09:21:33,7-959-908-42-49,Северная,yandex,cpc,cancelled
bk-000109,2026-08-13 12:23:17,7-992-422-02-99,Северная,2gis,referral,new
bk-000580,2026-08-13 13:34:34,+7 (974) 561-24-06,Северная,yandex_maps,organic,cancelled
bk-000696,2026-08-13 13:55:24,9466066185,Северная,2gis,referral,confirmed
bk-000514,2026-08-13 15:05:10,+7 (953) 688-51-20,Приморская,(direct),(none),cancelled
bk-000102,2026-08-13 15:30:45,8(924)7500586,Приморская,google,organic,confirmed
bk-000422,2026-08-13 17:03:23,+79482825546,Северная,google,organic,new
bk-000407,2026-08-13 17:04:21,9844262901,Приморская,2gis,referral,confirmed
bk-000459,2026-08-13 17:30:07,7-957-923-90-61,Северная,google,organic,confirmed
bk-000276,2026-08-13 17:48:43,+79677251799,Приморская,google,organic,cancelled
bk-000301,2026-08-13 18:03:18,89047911780,Приморская,yandex_maps,organic,cancelled
bk-000499,2026-08-13 18:36:38,8 921 444 15 07,Приморская,google,organic,confirmed
bk-000002,2026-08-13 19:17:56,89648773713,Северная,google,organic,confirmed
bk-000454,2026-08-13 19:28:24,+79177806936,Северная,(direct),(none),cancelled
bk-000223,2026-08-13 19:38:01,+79528724894,Северная,(direct),(none),cancelled
bk-000319,2026-08-13 19:38:13,89444853319,Северная,google,organic,cancelled
bk-000222,2026-08-13 21:20:41,+7 (923) 456-22-97,Центральная,2gis,referral,confirmed
bk-000114,2026-08-14 00:19:19,+79341253790,Северная,yandex_maps,organic,confirmed
bk-000100,2026-08-14 00:28:39,89534247358,Центральная,google,organic,confirmed
bk-000691,2026-08-14 02:22:21,8 919 625 54 65,Северная,(direct),(none),confirmed
bk-000092,2026-08-14 05:14:36,89892973784,Северная,2gis,referral,cancelled
bk-000656,2026-08-14 06:07:13,7-910-726-40-94,Приморская,yandex_maps,organic,confirmed
bk-000574,2026-08-14 07:22:44,+7 (977) 099-17-22,Центральная,google,organic,new
bk-000037,2026-08-14 08:32:00,7-979-456-62-95,Северная,yandex_maps,organic,confirmed
bk-000312,2026-08-14 12:02:30,7-950-620-84-26,Северная,(direct),(none),cancelled
bk-000590,2026-08-14 12:14:30,89135599753,Северная,google,organic,confirmed
bk-000395,2026-08-14 12:18:58,+79439218272,Приморская,2gis,referral,cancelled
bk-000205,2026-08-14 12:37:31,8 923 048 29 67,Приморская,google,organic,confirmed
bk-000297,2026-08-14 12:46:32,+79360693351,Центральная,google,organic,confirmed
bk-000642,2026-08-14 13:58:23,+7 (965) 728-16-38,Северная,google,organic,confirmed
bk-000105,2026-08-14 16:03:43,+79203271370,Приморская,(direct),(none),cancelled
bk-000088,2026-08-14 17:00:28,8 952 642 49 15,Северная,google,organic,confirmed
bk-000040,2026-08-14 17:16:21,+7 (906) 307-40-44,Приморская,google,organic,new
bk-000053,2026-08-14 19:07:21,+7 (982) 495-49-33,Центральная,google,organic,confirmed
bk-000361,2026-08-14 19:28:44,7-901-038-58-74,Центральная,google,organic,new
bk-000658,2026-08-14 20:36:40,8 910 532 70 82,Северная,yandex,cpc,new
bk-000520,2026-08-15 02:06:15,7-971-152-84-08,Центральная,yandex,cpc,cancelled
bk-000566,2026-08-15 03:23:52,8(961)8267367,Центральная,(direct),(none),confirmed
bk-000292,2026-08-15 06:13:41,7-942-406-93-32,Приморская,google,organic,confirmed
bk-000378,2026-08-15 06:27:41,89794495131,Центральная,google,organic,confirmed
bk-000173,2026-08-15 07:25:49,+7 (969) 869-31-69,Северная,google,organic,confirmed
bk-000175,2026-08-15 08:06:34,89678251495,Приморская,(direct),(none),new
bk-000703,2026-08-15 08:25:43,8(939)9933275,Северная,google,organic,cancelled
bk-000396,2026-08-15 09:46:42,8 932 952 62 59,Центральная,google,organic,confirmed
bk-000544,2026-08-15 09:57:31,+7 (914) 802-88-82,Центральная,(direct),(none),new
bk-000081,2026-08-15 10:07:33,8(999)3469806,Приморская,vk,cpc,confirmed
bk-000131,2026-08-15 10:07:57,9842956242,Центральная,yandex,cpc,cancelled
bk-000094,2026-08-15 11:36:48,7-939-506-97-33,Приморская,yandex,cpc,confirmed
bk-000231,2026-08-15 11:50:21,8 948 575 06 34,Приморская,yandex_maps,organic,new
bk-000296,2026-08-15 12:17:20,+7 (908) 158-99-97,Центральная,yandex,cpc,cancelled
bk-000228,2026-08-15 13:17:01,89897143042,Северная,vk,cpc,confirmed
bk-000441,2026-08-15 16:43:35,+79925480284,Центральная,(direct),(none),new
bk-000090,2026-08-15 17:04:05,7-909-191-18-12,Приморская,yandex_maps,organic,new
bk-000237,2026-08-15 17:33:31,8(905)5039032,Северная,yandex,cpc,confirmed
bk-000067,2026-08-15 17:52:01,89184318511,Центральная,(direct),(none),confirmed
bk-000469,2026-08-15 19:05:39,7-926-821-49-97,Центральная,2gis,referral,new
bk-000575,2026-08-15 19:06:54,7-900-489-89-94,Приморская,(direct),(none),new
bk-000563,2026-08-15 19:43:55,9726242666,Центральная,google,organic,confirmed
bk-000331,2026-08-15 19:57:50,8(904)1645116,Приморская,yandex_maps,organic,cancelled
bk-000166,2026-08-15 21:11:18,8(922)8463240,Приморская,google,organic,new
bk-000321,2026-08-15 23:41:12,+7 (926) 711-61-93,Приморская,(direct),(none),confirmed
bk-000455,2026-08-16 00:49:23,+7 (914) 290-24-97,Северная,2gis,referral,cancelled
bk-000567,2026-08-16 00:57:54,9012534892,Приморская,yandex,cpc,new
bk-000673,2026-08-16 07:30:53,8(989)6606054,Северная,2gis,referral,new
bk-000723,2026-08-16 07:48:24,8(937)7016394,Северная,yandex,cpc,confirmed
bk-000554,2026-08-16 08:14:35,89016603036,Северная,yandex,cpc,new
bk-000591,2026-08-16 08:34:52,89183443821,Приморская,google,organic,cancelled
bk-000103,2026-08-16 09:15:52,8(967)4886915,Приморская,(direct),(none),cancelled
bk-000698,2026-08-16 09:28:48,89978828144,Центральная,yandex,cpc,cancelled
bk-000617,2026-08-16 10:02:45,7-985-134-40-34,Центральная,google,organic,new
bk-000644,2026-08-16 10:17:32,7-910-263-72-10,Приморская,google,organic,new
bk-000027,2026-08-16 10:54:26,+79490683226,Приморская,yandex_maps,organic,confirmed
bk-000121,2026-08-16 15:18:59,7-922-952-44-87,Приморская,vk,cpc,new
bk-000030,2026-08-16 16:00:42,7-971-903-55-08,Северная,google,organic,cancelled
bk-000130,2026-08-16 16:05:53,7-984-691-48-40,Северная,(direct),(none),confirmed
bk-000527,2026-08-16 16:30:35,+7 (986) 763-67-48,Северная,(direct),(none),cancelled
bk-000201,2026-08-16 17:01:13,8(974)6821710,Приморская,yandex,cpc,confirmed
bk-000610,2026-08-16 17:51:11,8 971 932 44 60,Приморская,yandex,cpc,confirmed
bk-000070,2026-08-16 18:01:03,8(915)0734147,Приморская,(direct),(none),confirmed
bk-000736,2026-08-16 19:10:29,7-996-006-99-47,Приморская,google,organic,cancelled
bk-000659,2026-08-16 19:14:36,9673212385,Центральная,yandex_maps,organic,confirmed
bk-000425,2026-08-16 19:17:27,7-901-001-01-66,Приморская,google,organic,cancelled
bk-000444,2026-08-16 19:28:29,89167389022,Центральная,vk,cpc,cancelled
bk-000287,2026-08-16 19:34:08,9633936837,Центральная,2gis,referral,cancelled
bk-000650,2026-08-16 22:29:54,89066108600,Центральная,vk,cpc,confirmed
bk-000180,2026-08-16 22:48:21,7-989-569-88-33,Приморская,google,organic,confirmed
bk-000743,2026-08-17 00:11:15,7-988-655-95-65,Северная,yandex_maps,organic,confirmed
bk-000430,2026-08-17 02:43:09,+7 (930) 077-00-80,Центральная,yandex_maps,organic,new
bk-000397,2026-08-17 06:11:03,9447351802,Центральная,2gis,referral,confirmed
bk-000595,2026-08-17 07:52:06,8(975)7045669,Северная,2gis,referral,new
bk-000158,2026-08-17 08:19:20,9476048844,Приморская,yandex,cpc,confirmed
bk-000543,2026-08-17 08:35:07,8(962)5326342,Приморская,vk,cpc,confirmed
bk-000207,2026-08-17 10:09:39,8 967 624 18 01,Северная,yandex_maps,organic,cancelled
bk-000697,2026-08-17 11:14:42,9005242549,Центральная,google,organic,confirmed
bk-000072,2026-08-17 11:41:47,+79552651187,Северная,yandex,cpc,confirmed
bk-000612,2026-08-17 12:39:42,7-949-861-86-75,Центральная,google,organic,new
bk-000470,2026-08-17 14:45:59,8 946 229 40 52,Приморская,(direct),(none),new
bk-000638,2026-08-17 14:52:07,8 975 958 51 34,Приморская,(direct),(none),confirmed
bk-000142,2026-08-17 15:32:09,8 945 840 88 09,Приморская,2gis,referral,cancelled
bk-000523,2026-08-17 16:19:52,7-952-169-05-20,Центральная,google,organic,confirmed
bk-000024,2026-08-17 16:46:44,8 903 723 73 11,Северная,vk,cpc,cancelled
bk-000606,2026-08-17 18:04:29,8(976)9370799,Северная,2gis,referral,cancelled
bk-000682,2026-08-17 18:41:49,8 950 097 41 71,Северная,google,organic,confirmed
bk-000495,2026-08-17 19:50:27,8 946 830 85 90,Центральная,yandex,cpc,cancelled
bk-000089,2026-08-17 20:14:34,89913311158,Северная,2gis,referral,confirmed
bk-000730,2026-08-18 01:07:20,89225445392,Северная,vk,cpc,confirmed
bk-000694,2026-08-18 05:00:28,9718886309,Северная,yandex_maps,organic,confirmed
bk-000341,2026-08-18 05:31:26,8 904 075 09 96,Северная,yandex,cpc,confirmed
bk-000419,2026-08-18 06:03:46,7-987-928-72-28,Северная,2gis,referral,confirmed
bk-000230,2026-08-18 07:30:05,8 928 062 86 26,Центральная,2gis,referral,new
bk-000039,2026-08-18 08:17:50,+7 (921) 201-78-03,Северная,yandex_maps,organic,confirmed
bk-000015,2026-08-18 08:26:38,9367485263,Северная,google,organic,confirmed
bk-000596,2026-08-18 08:40:44,+79217858371,Северная,(direct),(none),cancelled
bk-000416,2026-08-18 09:14:09,8 946 722 76 04,Приморская,yandex,cpc,cancelled
bk-000429,2026-08-18 09:28:19,+7 (936) 695-77-96,Приморская,yandex_maps,organic,new
bk-000722,2026-08-18 11:24:53,7-951-039-69-67,Приморская,yandex_maps,organic,confirmed
bk-000521,2026-08-18 11:32:30,+7 (981) 609-41-98,Приморская,yandex,cpc,cancelled
bk-000431,2026-08-18 12:21:39,+7 (988) 278-48-54,Северная,google,organic,confirmed
bk-000125,2026-08-18 13:00:46,8(965)0961828,Северная,yandex_maps,organic,cancelled
bk-000423,2026-08-18 13:26:03,+7 (916) 761-08-15,Центральная,vk,cpc,cancelled
bk-000187,2026-08-18 13:49:42,+7 (950) 235-72-76,Приморская,yandex_maps,organic,confirmed
bk-000438,2026-08-18 14:33:48,89584465245,Северная,2gis,referral,new
bk-000107,2026-08-18 14:44:08,+79556831835,Центральная,yandex_maps,organic,new
bk-000023,2026-08-18 15:14:55,7-969-795-63-30,Центральная,google,organic,cancelled
bk-000014,2026-08-18 15:34:47,89788571178,Центральная,google,organic,cancelled
bk-000212,2026-08-18 15:53:31,+79293323605,Приморская,yandex_maps,organic,cancelled
bk-000426,2026-08-18 16:39:20,7-993-900-04-53,Приморская,2gis,referral,confirmed
bk-000577,2026-08-18 16:39:52,+79509118968,Северная,2gis,referral,confirmed
bk-000146,2026-08-18 18:10:35,7-900-287-50-93,Центральная,yandex,cpc,new
bk-000119,2026-08-18 18:39:53,+79170266846,Центральная,yandex_maps,organic,cancelled
bk-000161,2026-08-18 20:37:20,89627433036,Приморская,yandex,cpc,new
bk-000561,2026-08-18 22:57:37,8 972 549 63 60,Центральная,(direct),(none),cancelled
bk-000603,2026-08-19 08:08:51,9572575887,Северная,google,organic,new
bk-000678,2026-08-19 09:08:33,+7 (911) 739-57-82,Северная,vk,cpc,confirmed
bk-000648,2026-08-19 10:34:15,9677622673,Северная,(direct),(none),confirmed
bk-000129,2026-08-19 12:11:39,7-977-244-83-41,Северная,google,organic,new
bk-000153,2026-08-19 12:19:04,7-952-608-28-82,Приморская,yandex_maps,organic,confirmed
bk-000364,2026-08-19 12:31:59,89766299028,Северная,vk,cpc,cancelled
bk-000076,2026-08-19 13:53:56,+79209578105,Северная,yandex,cpc,confirmed
bk-000246,2026-08-19 14:04:50,8(955)0728488,Приморская,google,organic,confirmed
bk-000493,2026-08-19 16:33:17,+79168577650,Приморская,2gis,referral,confirmed
bk-000148,2026-08-19 17:06:03,+79126893694,Приморская,google,organic,new
bk-000582,2026-08-19 17:30:20,8 928 836 20 15,Северная,2gis,referral,confirmed
bk-000011,2026-08-19 18:01:49,8(952)9043710,Приморская,yandex,cpc,confirmed
bk-000636,2026-08-19 18:11:14,8(999)9996313,Северная,yandex,cpc,cancelled
bk-000358,2026-08-19 18:56:04,+7 (928) 488-21-60,Приморская,yandex_maps,organic,confirmed
bk-000336,2026-08-19 19:00:11,+7 (968) 015-07-03,Приморская,2gis,referral,confirmed
bk-000387,2026-08-19 22:26:04,7-984-124-84-36,Центральная,2gis,referral,confirmed
bk-000318,2026-08-20 01:49:31,8(935)0480009,Приморская,2gis,referral,confirmed
bk-000019,2026-08-20 01:59:01,8 938 382 85 22,Центральная,google,organic,confirmed
bk-000368,2026-08-20 08:09:37,8 916 250 04 45,Приморская,google,organic,confirmed
bk-000235,2026-08-20 08:38:05,8(968)5293474,Северная,yandex,cpc,confirmed
bk-000687,2026-08-20 09:04:47,7-973-256-46-40,Центральная,yandex,cpc,cancelled
bk-000683,2026-08-20 09:43:41,89619159358,Северная,(direct),(none),confirmed
bk-000247,2026-08-20 09:58:33,89123776823,Приморская,2gis,referral,cancelled
bk-000353,2026-08-20 09:59:14,9754297314,Центральная,vk,cpc,cancelled
bk-000699,2026-08-20 10:08:38,9566450955,Северная,yandex,cpc,confirmed
bk-000079,2026-08-20 10:18:52,+79508652420,Северная,google,organic,cancelled
bk-000740,2026-08-20 11:21:38,8 917 053 65 06,Северная,yandex_maps,organic,cancelled
bk-000194,2026-08-20 13:53:21,+79608825482,Приморская,(direct),(none),confirmed
bk-000355,2026-08-20 14:24:16,+79968605961,Северная,yandex_maps,organic,cancelled
bk-000655,2026-08-20 14:44:09,8(969)5083091,Приморская,google,organic,confirmed
bk-000386,2026-08-20 16:36:35,8(962)1481636,Центральная,yandex_maps,organic,cancelled
bk-000340,2026-08-20 17:02:04,+7 (947) 449-23-93,Приморская,google,organic,confirmed
bk-000156,2026-08-20 17:11:57,8 917 935 73 95,Центральная,(direct),(none),confirmed
bk-000507,2026-08-20 18:21:30,7-952-402-16-64,Приморская,yandex,cpc,new
bk-000727,2026-08-20 18:47:10,9651911639,Центральная,yandex_maps,organic,cancelled
bk-000154,2026-08-20 19:19:08,7-988-051-62-81,Приморская,yandex,cpc,new
bk-000585,2026-08-20 21:07:56,9279555693,Центральная,(direct),(none),confirmed
bk-000108,2026-08-21 00:44:35,8(962)9762899,Приморская,2gis,referral,confirmed
bk-000117,2026-08-21 05:17:11,89637514560,Северная,(direct),(none),new
bk-000541,2026-08-21 05:19:58,89059254386,Приморская,yandex,cpc,confirmed
bk-000232,2026-08-21 07:02:12,8 958 834 43 04,Приморская,(direct),(none),confirmed
bk-000488,2026-08-21 07:54:57,+79808514481,Северная,(direct),(none),new
bk-000112,2026-08-21 08:43:01,+7 (946) 832-22-71,Северная,2gis,referral,confirmed
bk-000196,2026-08-21 08:45:48,+79367620348,Центральная,yandex_maps,organic,new
bk-000005,2026-08-21 10:27:41,89636941168,Приморская,google,organic,new
bk-000071,2026-08-21 10:47:14,8 925 588 52 80,Северная,google,organic,new
bk-000043,2026-08-21 14:07:22,+79788709057,Центральная,(direct),(none),cancelled
bk-000487,2026-08-21 16:46:24,89894155009,Приморская,google,organic,cancelled
bk-000732,2026-08-21 16:47:28,9153612690,Приморская,(direct),(none),confirmed
bk-000096,2026-08-21 17:41:55,+79925070943,Приморская,google,organic,confirmed
bk-000069,2026-08-21 19:09:38,7-978-370-55-58,Центральная,yandex,cpc,cancelled
bk-000420,2026-08-21 22:54:47,9557091246,Северная,2gis,referral,cancelled
bk-000626,2026-08-22 00:23:32,8 904 557 63 02,Северная,yandex_maps,organic,new
bk-000652,2026-08-22 01:05:20,+79178368364,Северная,(direct),(none),new
bk-000597,2026-08-22 02:34:23,89679199565,Приморская,google,organic,confirmed
bk-000068,2026-08-22 03:15:06,+79217754415,Центральная,yandex,cpc,confirmed
bk-000389,2026-08-22 04:49:07,+7 (988) 603-16-38,Центральная,yandex_maps,organic,cancelled
bk-000460,2026-08-22 05:44:17,+79860543133,Центральная,(direct),(none),cancelled
bk-000093,2026-08-22 06:45:55,8 920 246 97 00,Центральная,google,organic,new
bk-000179,2026-08-22 08:35:25,8(927)8404356,Центральная,google,organic,new
bk-000020,2026-08-22 08:44:03,7-918-632-14-38,Приморская,google,organic,confirmed
bk-000726,2026-08-22 13:24:07,8(913)4016325,Центральная,yandex_maps,organic,cancelled
bk-000110,2026-08-22 13:44:14,8(920)3709214,Центральная,google,organic,confirmed
bk-000375,2026-08-22 14:53:59,7-992-045-52-86,Центральная,google,organic,new
bk-000257,2026-08-22 15:24:36,8 945 773 86 27,Северная,yandex_maps,organic,confirmed
bk-000171,2026-08-22 15:46:13,8(961)1541744,Северная,google,organic,cancelled
bk-000689,2026-08-22 16:17:55,7-981-185-68-51,Центральная,(direct),(none),new
bk-000184,2026-08-22 16:50:16,7-928-742-45-17,Северная,google,organic,new
bk-000188,2026-08-22 17:04:16,9373536681,Приморская,google,organic,confirmed
bk-000299,2026-08-22 17:38:44,7-962-980-64-18,Северная,(direct),(none),confirmed
bk-000183,2026-08-22 17:50:03,9493310230,Центральная,yandex_maps,organic,confirmed
bk-000572,2026-08-22 17:56:42,9001330186,Центральная,vk,cpc,confirmed
bk-000713,2026-08-22 18:31:53,9305817912,Центральная,yandex,cpc,confirmed
bk-000178,2026-08-22 19:14:32,8 987 647 65 04,Центральная,google,organic,confirmed
bk-000599,2026-08-23 05:45:25,+79142248655,Северная,yandex,cpc,cancelled
bk-000622,2026-08-23 05:45:40,7-997-079-75-98,Северная,yandex,cpc,confirmed
bk-000568,2026-08-23 08:00:09,89114798067,Центральная,yandex,cpc,new
bk-000445,2026-08-23 09:26:01,8(936)8193547,Северная,google,organic,confirmed
bk-000354,2026-08-23 12:52:23,9157819685,Центральная,yandex_maps,organic,cancelled
bk-000618,2026-08-23 13:29:06,8 904 411 05 84,Северная,2gis,referral,confirmed
bk-000540,2026-08-23 17:41:40,8(931)6600783,Приморская,google,organic,cancelled
bk-000565,2026-08-23 17:59:56,+79115918375,Центральная,(direct),(none),confirmed
bk-000660,2026-08-23 18:36:38,89566143428,Приморская,yandex,cpc,cancelled
bk-000532,2026-08-23 19:30:45,9027002072,Северная,google,organic,cancelled
bk-000251,2026-08-23 19:36:54,7-949-296-39-96,Северная,yandex_maps,organic,new
bk-000646,2026-08-23 19:47:55,+79694551317,Приморская,google,organic,cancelled
bk-000461,2026-08-24 00:44:12,+7 (983) 264-91-89,Приморская,yandex,cpc,cancelled
bk-000545,2026-08-24 00:53:42,89494115179,Северная,google,organic,new
bk-000169,2026-08-24 01:12:29,8(914)5517100,Приморская,yandex_maps,organic,cancelled
bk-000475,2026-08-24 05:37:33,7-978-897-10-22,Центральная,yandex,cpc,cancelled
bk-000181,2026-08-24 06:08:24,8 920 496 79 70,Приморская,google,organic,cancelled
bk-000692,2026-08-24 06:52:36,+79467925028,Центральная,google,organic,confirmed
bk-000621,2026-08-24 07:03:57,9190000883,Центральная,vk,cpc,confirmed
bk-000623,2026-08-24 08:39:19,8 916 851 50 89,Центральная,(direct),(none),confirmed
bk-000101,2026-08-24 10:05:38,7-927-867-27-93,Северная,yandex_maps,organic,cancelled
bk-000138,2026-08-24 10:28:52,9822896876,Центральная,yandex,cpc,new
bk-000489,2026-08-24 10:48:40,7-959-062-23-78,Приморская,yandex,cpc,confirmed
bk-000663,2026-08-24 11:08:36,+7 (997) 418-50-68,Северная,yandex,cpc,confirmed
bk-000706,2026-08-24 13:15:44,7-959-334-63-09,Центральная,2gis,referral,confirmed
bk-000552,2026-08-24 14:15:13,9847458042,Центральная,yandex,cpc,new
bk-000317,2026-08-24 16:37:48,7-909-254-96-96,Северная,yandex,cpc,new
bk-000531,2026-08-24 17:20:35,89545912656,Приморская,yandex_maps,organic,confirmed
bk-000647,2026-08-24 17:22:01,9693623928,Северная,google,organic,confirmed
bk-000057,2026-08-24 18:05:45,8(994)1789212,Центральная,yandex_maps,organic,confirmed
bk-000684,2026-08-24 18:16:48,7-941-551-03-87,Северная,yandex,cpc,new
bk-000045,2026-08-24 18:36:43,7-906-558-02-67,Северная,yandex,cpc,new
bk-000170,2026-08-24 19:13:24,9605064138,Центральная,yandex_maps,organic,confirmed
bk-000213,2026-08-25 00:04:57,+79139475203,Приморская,vk,cpc,confirmed
bk-000151,2026-08-25 03:01:13,8(953)7387271,Центральная,2gis,referral,confirmed
bk-000056,2026-08-25 03:37:38,9445048448,Приморская,yandex,cpc,confirmed
bk-000501,2026-08-25 07:36:07,89144176647,Центральная,2gis,referral,cancelled
bk-000242,2026-08-25 07:54:49,9130227523,Северная,(direct),(none),cancelled
bk-000349,2026-08-25 08:38:56,+7 (978) 779-07-29,Центральная,yandex,cpc,new
bk-000508,2026-08-25 08:59:12,+79692108464,Центральная,yandex,cpc,new
bk-000133,2026-08-25 09:39:40,+79062405073,Северная,google,organic,confirmed
bk-000633,2026-08-25 10:06:39,7-911-488-51-47,Центральная,(direct),(none),cancelled
bk-000332,2026-08-25 11:28:12,89792790484,Приморская,vk,cpc,confirmed
bk-000029,2026-08-25 13:58:16,+79625063629,Северная,(direct),(none),confirmed
bk-000126,2026-08-25 14:23:07,+7 (923) 451-18-90,Приморская,vk,cpc,new
bk-000266,2026-08-25 14:32:52,7-933-941-41-39,Северная,yandex_maps,organic,confirmed
bk-000086,2026-08-25 14:48:28,89911213034,Приморская,google,organic,new
bk-000607,2026-08-25 15:12:02,8(995)0027591,Северная,google,organic,confirmed
bk-000681,2026-08-25 16:03:46,+7 (942) 634-34-00,Северная,google,organic,cancelled
bk-000006,2026-08-25 16:11:51,7-989-470-33-64,Центральная,yandex_maps,organic,new
bk-000115,2026-08-25 16:41:33,9659377001,Приморская,yandex,cpc,cancelled
bk-000589,2026-08-25 17:28:49,+79095084117,Центральная,yandex_maps,organic,confirmed
bk-000150,2026-08-25 17:43:53,+79472671045,Северная,google,organic,cancelled
bk-000405,2026-08-25 18:44:13,9516975840,Центральная,(direct),(none),cancelled
bk-000210,2026-08-25 18:58:03,8 988 611 47 70,Центральная,google,organic,new
bk-000265,2026-08-25 19:02:10,8(972)5364496,Северная,yandex,cpc,new
bk-000140,2026-08-26 00:57:05,8 962 764 41 08,Приморская,google,organic,new
bk-000661,2026-08-26 02:05:11,8(983)9597614,Центральная,yandex_maps,organic,confirmed
bk-000627,2026-08-26 04:32:25,89030924280,Центральная,(direct),(none),confirmed
bk-000718,2026-08-26 04:32:58,8(912)3757710,Центральная,google,organic,cancelled
bk-000285,2026-08-26 08:52:26,+79681252588,Центральная,google,organic,cancelled
bk-000628,2026-08-26 11:07:14,9409758282,Центральная,2gis,referral,confirmed
bk-000149,2026-08-26 13:15:46,+79102185969,Северная,2gis,referral,confirmed
bk-000600,2026-08-26 14:21:00,9712058136,Северная,yandex_maps,organic,new
bk-000672,2026-08-26 15:09:01,+79395485931,Северная,2gis,referral,confirmed
bk-000294,2026-08-26 15:37:37,+79768855928,Центральная,vk,cpc,cancelled
bk-000449,2026-08-26 15:42:18,9244002637,Центральная,google,organic,confirmed
bk-000664,2026-08-26 15:47:43,7-912-243-57-91,Северная,google,organic,confirmed
bk-000357,2026-08-26 16:07:51,8 995 104 55 67,Приморская,yandex,cpc,confirmed
bk-000632,2026-08-26 16:13:50,7-915-720-70-42,Приморская,yandex_maps,organic,confirmed
bk-000695,2026-08-26 16:19:18,+7 (996) 348-34-39,Северная,(direct),(none),confirmed
bk-000010,2026-08-26 17:03:01,+7 (927) 382-31-34,Центральная,2gis,referral,new
bk-000719,2026-08-26 17:38:26,+7 (906) 885-91-17,Центральная,vk,cpc,new
bk-000058,2026-08-26 17:46:37,8(913)9350463,Центральная,yandex_maps,organic,confirmed
bk-000106,2026-08-26 18:55:06,8 950 506 52 30,Северная,(direct),(none),new
bk-000366,2026-08-26 19:40:27,89398061421,Приморская,google,organic,cancelled
bk-000275,2026-08-26 19:41:55,8 929 166 36 61,Приморская,(direct),(none),confirmed
bk-000479,2026-08-27 01:52:54,8 997 479 40 50,Приморская,google,organic,cancelled
bk-000168,2026-08-27 08:46:15,+79387175006,Центральная,(direct),(none),confirmed
bk-000311,2026-08-27 10:40:26,9411979224,Центральная,(direct),(none),confirmed
bk-000506,2026-08-27 11:01:35,89479018994,Северная,(direct),(none),new
bk-000534,2026-08-27 11:33:28,9041153871,Северная,google,organic,new
bk-000141,2026-08-27 14:37:17,7-997-181-07-46,Центральная,yandex,cpc,confirmed
bk-000569,2026-08-27 14:49:24,8 977 237 86 38,Центральная,2gis,referral,new
bk-000728,2026-08-27 15:00:20,7-969-061-56-22,Центральная,(direct),(none),confirmed
bk-000721,2026-08-27 15:56:27,9558952746,Приморская,(direct),(none),cancelled
bk-000163,2026-08-27 16:01:42,8(959)3767103,Центральная,google,organic,new
bk-000539,2026-08-27 16:20:48,+79551350966,Приморская,yandex,cpc,new
bk-000734,2026-08-27 17:45:36,+79469710279,Приморская,google,organic,cancelled
bk-000393,2026-08-27 18:39:44,8 977 865 81 42,Центральная,yandex,cpc,confirmed
bk-000195,2026-08-27 19:40:04,+79163930664,Приморская,google,organic,cancelled
bk-000238,2026-08-27 20:08:38,7-989-467-50-47,Центральная,google,organic,confirmed
bk-000704,2026-08-28 02:22:03,9701639459,Центральная,google,organic,new
bk-000323,2026-08-28 03:35:21,8 959 878 47 04,Центральная,yandex_maps,organic,confirmed
bk-000219,2026-08-28 07:47:41,89340932521,Центральная,(direct),(none),new
bk-000381,2026-08-28 14:24:20,8 945 387 42 56,Северная,yandex,cpc,cancelled
bk-000513,2026-08-28 16:14:04,89226608015,Северная,yandex,cpc,new
bk-000564,2026-08-28 16:14:54,+7 (968) 180-26-84,Приморская,google,organic,confirmed
bk-000643,2026-08-28 16:23:12,9864750817,Приморская,(direct),(none),new
bk-000290,2026-08-28 16:53:04,+7 (942) 078-22-03,Приморская,yandex_maps,organic,confirmed
bk-000282,2026-08-28 16:53:53,+7 (981) 582-50-17,Приморская,(direct),(none),confirmed
bk-000640,2026-08-28 17:12:00,9489308068,Северная,yandex_maps,organic,new
bk-000614,2026-08-28 17:55:42,+79030123961,Центральная,google,organic,confirmed
bk-000369,2026-08-28 18:33:25,8 948 898 68 47,Приморская,google,organic,cancelled
bk-000679,2026-08-28 18:56:25,9694821584,Центральная,yandex,cpc,confirmed
bk-000376,2026-08-28 19:01:22,+79890562968,Центральная,vk,cpc,cancelled
bk-000571,2026-08-28 19:27:42,+79252161040,Приморская,vk,cpc,cancelled
bk-000226,2026-08-28 19:52:31,89987839802,Приморская,google,organic,cancelled
bk-000667,2026-08-28 20:25:08,8(962)1768524,Приморская,yandex,cpc,confirmed
bk-000190,2026-08-28 22:30:41,+7 (934) 577-02-03,Центральная,google,organic,new
bk-000671,2026-08-28 23:38:42,89921747592,Северная,vk,cpc,cancelled
bk-000605,2026-08-29 00:52:18,+7 (924) 532-92-03,Центральная,(direct),(none),new
bk-000492,2026-08-29 01:20:51,9163694740,Приморская,yandex,cpc,confirmed
bk-000463,2026-08-29 03:41:10,8(952)6128294,Центральная,vk,cpc,confirmed
bk-000177,2026-08-29 05:15:28,7-996-805-35-17,Центральная,(direct),(none),new
bk-000615,2026-08-29 07:24:06,8 931 900 43 92,Центральная,google,organic,confirmed
bk-000616,2026-08-29 08:12:22,8(967)0513273,Северная,yandex,cpc,cancelled
bk-000490,2026-08-29 08:15:11,89207340235,Центральная,yandex_maps,organic,confirmed
bk-000236,2026-08-29 08:19:48,89416404193,Центральная,google,organic,new
bk-000123,2026-08-29 09:13:50,9036714015,Приморская,google,organic,confirmed
bk-000537,2026-08-29 10:55:29,7-919-678-87-20,Северная,(direct),(none),confirmed
bk-000162,2026-08-29 16:11:34,89201476934,Центральная,(direct),(none),cancelled
bk-000260,2026-08-29 16:12:25,9736949785,Приморская,google,organic,cancelled
bk-000124,2026-08-29 16:44:32,8(994)6415531,Приморская,google,organic,new
bk-000339,2026-08-29 16:53:36,89019565892,Приморская,(direct),(none),cancelled
bk-000584,2026-08-29 17:42:24,89451494612,Приморская,2gis,referral,confirmed
bk-000702,2026-08-29 17:53:15,+7 (942) 143-99-16,Центральная,yandex,cpc,new
bk-000625,2026-08-29 18:24:38,+79948510637,Центральная,(direct),(none),confirmed
bk-000675,2026-08-29 19:23:04,8(975)6920879,Центральная,2gis,referral,new
bk-000464,2026-08-29 19:52:24,+79587742788,Приморская,google,organic,confirmed
bk-000609,2026-08-29 21:06:51,+7 (978) 184-25-83,Центральная,google,organic,cancelled
bk-000555,2026-08-29 21:15:03,7-984-389-98-33,Северная,google,organic,confirmed
bk-000637,2026-08-30 03:47:43,89741779827,Приморская,google,organic,confirmed
bk-000434,2026-08-30 04:36:52,+7 (996) 271-96-14,Северная,yandex_maps,organic,cancelled
bk-000300,2026-08-30 05:43:57,89712509063,Центральная,vk,cpc,confirmed
bk-000264,2026-08-30 06:30:41,+7 (973) 767-80-36,Северная,yandex_maps,organic,confirmed
bk-000252,2026-08-30 07:08:16,8(969)7573066,Приморская,2gis,referral,confirmed
bk-000280,2026-08-30 07:47:34,9349073507,Северная,google,organic,confirmed
bk-000546,2026-08-30 08:09:03,8(982)1649458,Приморская,(direct),(none),confirmed
bk-000220,2026-08-30 08:19:40,89427107646,Центральная,google,organic,confirmed
bk-000517,2026-08-30 09:14:38,+7 (916) 388-91-01,Центральная,(direct),(none),new
bk-000733,2026-08-30 09:25:23,8(903)9919803,Северная,google,organic,cancelled
bk-000302,2026-08-30 10:43:58,+79431564175,Приморская,yandex_maps,organic,confirmed
bk-000738,2026-08-30 11:02:38,8 978 802 69 60,Северная,(direct),(none),new
bk-000042,2026-08-30 11:50:52,+79030956206,Приморская,google,organic,confirmed
bk-000576,2026-08-30 13:19:32,89636872656,Северная,google,organic,confirmed
bk-000279,2026-08-30 13:25:45,89183153004,Центральная,google,organic,confirmed
bk-000061,2026-08-30 14:32:36,8 925 015 12 30,Центральная,yandex_maps,organic,new
bk-000720,2026-08-30 15:23:33,7-931-376-94-51,Центральная,yandex,cpc,new
bk-000240,2026-08-30 16:32:46,9009668708,Центральная,google,organic,cancelled
bk-000261,2026-08-30 17:09:54,7-904-041-91-51,Северная,google,organic,confirmed
bk-000442,2026-08-30 17:36:14,8(972)4893286,Центральная,yandex_maps,organic,cancelled
bk-000641,2026-08-30 17:53:06,7-933-734-07-53,Центральная,yandex_maps,organic,confirmed
bk-000137,2026-08-30 18:35:47,7-925-535-92-81,Приморская,google,organic,new
bk-000041,2026-08-30 18:37:32,8 934 859 94 18,Северная,google,organic,confirmed
bk-000458,2026-08-30 19:11:13,7-950-770-33-52,Приморская,vk,cpc,confirmed
bk-000216,2026-08-30 19:28:46,7-945-681-13-47,Приморская,yandex_maps,organic,new
bk-000398,2026-08-30 19:30:38,9595789582,Центральная,google,organic,cancelled
bk-000573,2026-08-30 19:30:56,8 993 942 60 21,Центральная,2gis,referral,new
bk-000406,2026-08-30 19:49:07,9938962191,Приморская,yandex,cpc,confirmed
bk-000483,2026-08-31 05:46:07,8(980)4582460,Центральная,(direct),(none),cancelled
bk-000440,2026-08-31 05:57:31,+7 (973) 358-62-02,Приморская,google,organic,new
bk-000631,2026-08-31 06:08:37,+79778654944,Приморская,google,organic,new
bk-000601,2026-08-31 07:34:53,+7 (905) 893-93-35,Центральная,yandex_maps,organic,cancelled
bk-000711,2026-08-31 11:07:51,8 941 543 90 59,Северная,yandex,cpc,new
bk-000352,2026-08-31 11:08:04,7-973-510-12-43,Центральная,(direct),(none),new
bk-000254,2026-08-31 13:38:34,8(969)2111854,Приморская,2gis,referral,confirmed
bk-000211,2026-08-31 13:46:47,8(967)5959730,Центральная,yandex_maps,organic,confirmed
bk-000262,2026-08-31 14:51:36,89655983682,Северная,yandex,cpc,cancelled
bk-000536,2026-08-31 15:08:25,+79424975664,Северная,yandex,cpc,new
bk-000377,2026-08-31 15:18:48,+7 (926) 684-00-62,Центральная,yandex_maps,organic,confirmed
bk-000097,2026-08-31 16:09:38,7-907-385-79-02,Центральная,2gis,referral,new
bk-000338,2026-08-31 16:31:07,89899171125,Северная,google,organic,confirmed
bk-000456,2026-08-31 17:24:08,89438335769,Центральная,yandex,cpc,cancelled
bk-000519,2026-08-31 18:09:39,8(900)9521113,Северная,yandex,cpc,new
bk-000542,2026-08-31 18:14:04,8(924)2296343,Центральная,yandex_maps,organic,cancelled
bk-000241,2026-08-31 18:55:13,8 952 494 15 87,Приморская,google,organic,cancelled
bk-000098,2026-08-31 20:01:31,8 939 014 33 04,Северная,(direct),(none),new
bk-000739,2026-09-01 01:06:54,8 999 732 15 45,Северная,google,organic,confirmed
bk-000026,2026-09-01 07:11:33,89508833629,Приморская,yandex_maps,organic,new
bk-000267,2026-09-01 07:31:55,+79593911609,Приморская,yandex,cpc,confirmed
bk-000670,2026-09-01 07:33:56,+7 (993) 352-07-72,Северная,yandex,cpc,cancelled
bk-000224,2026-09-01 08:37:48,+79191930533,Центральная,vk,cpc,confirmed
bk-000225,2026-09-01 09:55:45,8(941)2521600,Северная,yandex,cpc,cancelled
bk-000258,2026-09-01 10:15:28,89256982547,Приморская,google,organic,new
bk-000147,2026-09-01 11:18:25,8(981)9978269,Центральная,google,organic,confirmed
bk-000583,2026-09-01 11:34:17,89766481639,Центральная,google,organic,new
bk-000373,2026-09-01 12:41:42,7-982-044-86-74,Северная,yandex,cpc,confirmed
bk-000594,2026-09-01 12:53:52,7-964-541-23-91,Северная,2gis,referral,new
bk-000062,2026-09-01 13:06:45,8 980 984 79 37,Центральная,yandex_maps,organic,new
bk-000669,2026-09-01 13:16:22,+79129576214,Северная,google,organic,confirmed
bk-000474,2026-09-01 13:23:07,8 983 927 70 78,Центральная,google,organic,confirmed
bk-000044,2026-09-01 13:46:50,7-975-609-43-07,Приморская,(direct),(none),new
bk-000447,2026-09-01 13:59:27,8 969 514 11 25,Центральная,yandex_maps,organic,new
bk-000365,2026-09-01 14:43:13,89755785922,Центральная,google,organic,new
bk-000505,2026-09-01 14:43:32,9077404220,Северная,2gis,referral,confirmed
bk-000284,2026-09-01 14:51:04,8(952)3294561,Центральная,vk,cpc,cancelled
bk-000304,2026-09-01 16:33:13,9647764472,Северная,google,organic,confirmed
bk-000324,2026-09-01 17:05:25,+7 (920) 073-37-41,Приморская,(direct),(none),cancelled
bk-000556,2026-09-01 17:42:56,8(974)4807673,Центральная,vk,cpc,confirmed
bk-000330,2026-09-01 17:56:52,7-956-453-56-57,Приморская,google,organic,cancelled
bk-000509,2026-09-01 18:03:39,+79206369449,Северная,google,organic,confirmed
bk-000446,2026-09-01 18:29:37,8 993 119 36 53,Приморская,google,organic,cancelled
bk-000012,2026-09-01 18:34:29,9239274598,Приморская,google,organic,cancelled
bk-000525,2026-09-01 18:36:53,8 969 127 65 54,Приморская,yandex,cpc,new
bk-000342,2026-09-01 19:06:57,89115632145,Центральная,vk,cpc,new
bk-000374,2026-09-01 19:16:39,8(931)7037979,Приморская,2gis,referral,cancelled
bk-000409,2026-09-01 19:17:55,9426115689,Приморская,(direct),(none),cancelled
bk-000360,2026-09-01 19:22:45,8 974 037 22 46,Приморская,google,organic,new
bk-000553,2026-09-01 19:39:02,+7 (946) 431-88-56,Центральная,google,organic,confirmed
bk-000256,2026-09-02 03:07:58,+79815179469,Центральная,google,organic,confirmed
bk-000436,2026-09-02 07:30:49,8 907 936 00 09,Приморская,yandex_maps,organic,cancelled
bk-000511,2026-09-02 07:51:05,9324906464,Центральная,google,organic,confirmed
bk-000122,2026-09-02 12:03:30,89623916681,Центральная,yandex_maps,organic,confirmed
bk-000271,2026-09-02 12:59:38,8 937 254 42 94,Приморская,yandex,cpc,confirmed
bk-000452,2026-09-02 14:32:39,8(969)2155955,Северная,yandex,cpc,confirmed
bk-000421,2026-09-02 15:28:57,8 985 402 97 83,Северная,yandex,cpc,confirmed
bk-000450,2026-09-02 17:13:53,89516917308,Северная,google,organic,cancelled
bk-000581,2026-09-02 17:19:14,8(996)4759649,Центральная,yandex_maps,organic,new
bk-000200,2026-09-02 17:49:41,+7 (933) 129-04-37,Приморская,vk,cpc,new
bk-000091,2026-09-02 18:00:51,+7 (906) 204-83-95,Центральная,yandex,cpc,confirmed
bk-000307,2026-09-02 19:28:26,9302563467,Центральная,google,organic,new
bk-000164,2026-09-02 19:33:17,8 936 335 10 28,Северная,google,organic,confirmed
bk-000382,2026-09-02 19:43:49,8(995)6955014,Приморская,(direct),(none),new
bk-000120,2026-09-03 08:38:30,+7 (939) 986-27-23,Северная,yandex,cpc,new
bk-000518,2026-09-03 15:11:38,+79192161024,Северная,yandex,cpc,new
bk-000516,2026-09-04 14:43:27,8 983 079 23 83,Северная,2gis,referral,cancelled
bk-000712,2026-09-07 07:28:44,8 954 213 96 27,Приморская,2gis,referral,cancelled
