source_label,channel
Яндекс,yandex_direct
яндекс директ,yandex_direct
Я.Директ,yandex_direct
ЯД,yandex_direct
контекст,yandex_direct
реклама в яндексе,yandex_direct
ВК,vk_ads
вконтакте,vk_ads
VK,vk_ads
таргет вк,vk_ads
реклама вк,vk_ads
2гис,2gis
2ГИС,2gis
дубльгис,2gis
2 гис,2gis
Яндекс карты,yandex_maps
карты,yandex_maps
яндекс.карты,yandex_maps
Я.Карты,yandex_maps
сайт,seo
нашли в интернете,seo
гугл,seo
поиск,seo
сарафан,referral
по рекомендации,referral
друзья,referral
знакомые,referral
повторный пациент,referral
пришёл сам,offline
с улицы,offline
вывеска,offline
проходил мимо,offline
