day,bookings,crm_leads
2026-08-01,18,18
2026-08-02,19,19
2026-08-03,27,27
2026-08-04,15,15
2026-08-05,23,23
2026-08-06,19,19
2026-08-07,25,25
2026-08-08,26,26
2026-08-09,20,20
2026-08-10,14,14
2026-08-11,21,21
2026-08-12,20,20
2026-08-13,28,28
2026-08-14,20,5
2026-08-15,23,8
2026-08-16,25,25
2026-08-17,21,21
2026-08-18,26,26
2026-08-19,16,16
2026-08-20,21,21
2026-08-21,15,15
2026-08-22,23,23
2026-08-23,12,12
2026-08-24,21,21
2026-08-25,23,23
2026-08-26,21,21
2026-08-27,15,15
2026-08-28,17,17
2026-08-29,21,21
2026-08-30,30,30
2026-08-31,18,18
